-- 关闭外键约束检查
set foreign_key_checks = 0;

INSERT INTO user (id, avatar, created_time, full_name, gender, state, username, organization_id) VALUES (1, 'avatar.jpg', '2023-01-05 17:16:11', '系统管理员', 0, 0, 'admin', 1);
INSERT INTO user (id, avatar, created_time, full_name, gender, state, username, organization_id) VALUES (2, 'avatar.jpg', '2023-01-05 17:16:11', '员工账号', 1, 0, 'employee', 3);
INSERT INTO user (id, avatar, created_time, full_name, gender, state, username, organization_id) VALUES (3, 'avatar.jpg', '2023-01-05 17:16:11', '访客账号', 0, 0, 'guest', 3);
INSERT INTO user (id, avatar, created_time, full_name, gender, state, username, organization_id) VALUES (202, 'avatar.jpg', '2023-01-05 17:16:11', '天魁星 呼保义宋江 ', 0, 0, '呼保义宋江 ', 2);
INSERT INTO user (id, avatar, created_time, full_name, gender, state, username, organization_id) VALUES (203, 'avatar.jpg', '2023-01-05 17:16:11', '天罡星 玉麒麟卢俊义', 0, 0, '玉麒麟卢俊义', 2);
INSERT INTO user (id, avatar, created_time, full_name, gender, state, username, organization_id) VALUES (204, 'avatar.jpg', '2023-01-05 17:16:11', '天机星 智多星吴用', 0, 0, '智多星吴用', 2);
INSERT INTO user (id, avatar, created_time, full_name, gender, state, username, organization_id) VALUES (205, 'avatar.jpg', '2023-01-05 17:16:11', '天闲星 入云龙公孙胜', 0, 0, '入云龙公孙胜', 2);
INSERT INTO user (id, avatar, created_time, full_name, gender, state, username, organization_id) VALUES (206, 'avatar.jpg', '2023-01-05 17:16:11', '天勇星 大刀关胜', 0, 0, '大刀关胜', 2);
INSERT INTO user (id, avatar, created_time, full_name, gender, state, username, organization_id) VALUES (207, 'avatar.jpg', '2023-01-05 17:16:11', '天雄星 豹子头林冲', 0, 0, '豹子头林冲', 2);
INSERT INTO user (id, avatar, created_time, full_name, gender, state, username, organization_id) VALUES (208, 'avatar.jpg', '2023-01-05 17:16:11', '天猛星 霹雳火秦明', 0, 0, '霹雳火秦明', 2);
INSERT INTO user (id, avatar, created_time, full_name, gender, state, username, organization_id) VALUES (209, 'avatar.jpg', '2023-01-05 17:16:11', '天威星 双鞭呼延灼', 0, 1, '双鞭呼延灼', 2);
INSERT INTO user (id, avatar, created_time, full_name, gender, state, username, organization_id) VALUES (210, 'avatar.jpg', '2023-01-05 17:16:11', '天英星 小李广花荣', 0, 1, '小李广花荣', 2);
INSERT INTO user (id, avatar, created_time, full_name, gender, state, username, organization_id) VALUES (211, 'avatar.jpg', '2023-01-05 17:16:11', '天贵星 小旋风柴进', 0, 1, '小旋风柴进', 2);
INSERT INTO user (id, avatar, created_time, full_name, gender, state, username, organization_id) VALUES (212, 'avatar.jpg', '2023-01-05 17:16:11', '天富星 扑天雕李应', 0, 1, '扑天雕李应', 2);
INSERT INTO user (id, avatar, created_time, full_name, gender, state, username, organization_id) VALUES (213, 'avatar.jpg', '2023-01-05 17:16:11', '天满星 美髯公朱仝', 0, 0, '美髯公朱仝', 2);
INSERT INTO user (id, avatar, created_time, full_name, gender, state, username, organization_id) VALUES (214, 'avatar.jpg', '2023-01-05 17:16:11', '天孤星 花和尚鲁智深', 0, 0, '花和尚鲁智深', 2);
INSERT INTO user (id, avatar, created_time, full_name, gender, state, username, organization_id) VALUES (215, 'avatar.jpg', '2023-01-05 17:16:11', '天伤星 行者武松', 0, 0, '行者武松', 2);
INSERT INTO user (id, avatar, created_time, full_name, gender, state, username, organization_id) VALUES (216, 'avatar.jpg', '2023-01-05 17:16:11', '天立星 双抢将董平', 0, 0, '双抢将董平', 2);
INSERT INTO user (id, avatar, created_time, full_name, gender, state, username, organization_id) VALUES (217, 'avatar.jpg', '2023-01-05 17:16:11', '天捷星 没羽箭张清', 0, 0, '没羽箭张清', 2);
INSERT INTO user (id, avatar, created_time, full_name, gender, state, username, organization_id) VALUES (218, 'avatar.jpg', '2023-01-05 17:16:11', '天暗星 青面兽杨志', 0, 0, '青面兽杨志', 2);
INSERT INTO user (id, avatar, created_time, full_name, gender, state, username, organization_id) VALUES (219, 'avatar.jpg', '2023-01-05 17:16:11', '天佑星 金抢手徐宁', 0, 0, '金抢手徐宁', 2);
INSERT INTO user (id, avatar, created_time, full_name, gender, state, username, organization_id) VALUES (220, 'avatar.jpg', '2023-01-05 17:16:11', '天空星 急先锋索超', 0, 0, '急先锋索超', 2);
INSERT INTO user (id, avatar, created_time, full_name, gender, state, username, organization_id) VALUES (221, 'avatar.jpg', '2023-01-05 17:16:11', '天速星 神行太保戴宗', 0, 0, '神行太保戴宗', 2);
INSERT INTO user (id, avatar, created_time, full_name, gender, state, username, organization_id) VALUES (222, 'avatar.jpg', '2023-01-05 17:16:11', '天异星 赤发鬼刘唐', 0, 0, '赤发鬼刘唐', 2);
INSERT INTO user (id, avatar, created_time, full_name, gender, state, username, organization_id) VALUES (223, 'avatar.jpg', '2023-01-05 17:16:11', '天杀星 黑旋风李逵', 0, 0, '黑旋风李逵', 2);
INSERT INTO user (id, avatar, created_time, full_name, gender, state, username, organization_id) VALUES (224, 'avatar.jpg', '2023-01-05 17:16:11', '天微星 九纹龙史进', 0, 0, '九纹龙史进', 2);
INSERT INTO user (id, avatar, created_time, full_name, gender, state, username, organization_id) VALUES (225, 'avatar.jpg', '2023-01-05 17:16:11', '天究星 没遮拦穆弘', 0, 0, '没遮拦穆弘', 2);
INSERT INTO user (id, avatar, created_time, full_name, gender, state, username, organization_id) VALUES (226, 'avatar.jpg', '2023-01-05 17:16:11', '天退星 插翅虎雷横', 0, 0, '插翅虎雷横', 2);
INSERT INTO user (id, avatar, created_time, full_name, gender, state, username, organization_id) VALUES (227, 'avatar.jpg', '2023-01-05 17:16:11', '天寿星 混江龙李俊', 0, 0, '混江龙李俊', 2);
INSERT INTO user (id, avatar, created_time, full_name, gender, state, username, organization_id) VALUES (228, 'avatar.jpg', '2023-01-05 17:16:11', '天剑星 立地太岁阮小二', 0, 0, '立地太岁阮小二', 2);
INSERT INTO user (id, avatar, created_time, full_name, gender, state, username, organization_id) VALUES (229, 'avatar.jpg', '2023-01-05 17:16:11', '天平星 船火儿张横', 0, 0, '船火儿张横', 2);
INSERT INTO user (id, avatar, created_time, full_name, gender, state, username, organization_id) VALUES (230, 'avatar.jpg', '2023-01-05 17:16:11', '天罪星 短命二郎阮小五', 0, 0, '短命二郎阮小五', 2);
INSERT INTO user (id, avatar, created_time, full_name, gender, state, username, organization_id) VALUES (231, 'avatar.jpg', '2023-01-05 17:16:11', '天损星 浪里白条张顺', 0, 0, '浪里白条张顺', 2);
INSERT INTO user (id, avatar, created_time, full_name, gender, state, username, organization_id) VALUES (232, 'avatar.jpg', '2023-01-05 17:16:11', '天败星 活阎罗阮小七', 0, 0, '活阎罗阮小七', 2);
INSERT INTO user (id, avatar, created_time, full_name, gender, state, username, organization_id) VALUES (233, 'avatar.jpg', '2023-01-05 17:16:11', '天牢星 病关索扬雄', 0, 0, '病关索扬雄', 2);
INSERT INTO user (id, avatar, created_time, full_name, gender, state, username, organization_id) VALUES (234, 'avatar.jpg', '2023-01-05 17:16:11', '天慧星 拼命三郎石秀', 0, 0, '拼命三郎石秀', 2);
INSERT INTO user (id, avatar, created_time, full_name, gender, state, username, organization_id) VALUES (235, 'avatar.jpg', '2023-01-05 17:16:11', '天暴星 两头蛇解珍', 0, 0, '两头蛇解珍', 2);
INSERT INTO user (id, avatar, created_time, full_name, gender, state, username, organization_id) VALUES (236, 'avatar.jpg', '2023-01-05 17:16:11', '天哭星 双尾蝎解宝', 0, 0, '双尾蝎解宝', 2);
INSERT INTO user (id, avatar, created_time, full_name, gender, state, username, organization_id) VALUES (237, 'avatar.jpg', '2023-01-05 17:16:11', '天巧星 浪子燕青', 0, 0, '浪子燕青', 2);
INSERT INTO user (id, avatar, created_time, full_name, gender, state, username, organization_id) VALUES (238, 'avatar.jpg', '2023-01-05 17:16:11', '地魁星 神机军师朱武', 0, 0, '神机军师朱武', 2);
INSERT INTO user (id, avatar, created_time, full_name, gender, state, username, organization_id) VALUES (239, 'avatar.jpg', '2023-01-05 17:16:11', '地煞星 镇三山黄信', 0, 0, '镇三山黄信', 2);
INSERT INTO user (id, avatar, created_time, full_name, gender, state, username, organization_id) VALUES (240, 'avatar.jpg', '2023-01-05 17:16:11', '地勇星 病尉迟孙立', 0, 0, '病尉迟孙立', 2);
INSERT INTO user (id, avatar, created_time, full_name, gender, state, username, organization_id) VALUES (241, 'avatar.jpg', '2023-01-05 17:16:11', '地杰星 丑郡马宣赞', 0, 0, '丑郡马宣赞', 2);
INSERT INTO user (id, avatar, created_time, full_name, gender, state, username, organization_id) VALUES (242, 'avatar.jpg', '2023-01-05 17:16:11', '地雄星 井木犴郝思文', 0, 0, '井木犴郝思文', 2);
INSERT INTO user (id, avatar, created_time, full_name, gender, state, username, organization_id) VALUES (243, 'avatar.jpg', '2023-01-05 17:16:11', '地威星 百胜将韩滔', 0, 0, '百胜将韩滔', 2);
INSERT INTO user (id, avatar, created_time, full_name, gender, state, username, organization_id) VALUES (244, 'avatar.jpg', '2023-01-05 17:16:11', '地英星 天目将彭玘', 0, 0, '天目将彭玘', 2);
INSERT INTO user (id, avatar, created_time, full_name, gender, state, username, organization_id) VALUES (245, 'avatar.jpg', '2023-01-05 17:16:11', '地奇星 圣水将单廷圭', 0, 0, '圣水将单廷圭', 2);
INSERT INTO user (id, avatar, created_time, full_name, gender, state, username, organization_id) VALUES (246, 'avatar.jpg', '2023-01-05 17:16:11', '地猛星 神火将魏定国', 0, 0, '神火将魏定国', 2);
INSERT INTO user (id, avatar, created_time, full_name, gender, state, username, organization_id) VALUES (247, 'avatar.jpg', '2023-01-05 17:16:11', '地文星 圣手书生萧让', 0, 0, '圣手书生萧让', 2);
INSERT INTO user (id, avatar, created_time, full_name, gender, state, username, organization_id) VALUES (248, 'avatar.jpg', '2023-01-05 17:16:11', '地正星 铁面孔目裴宣', 0, 0, '铁面孔目裴宣', 2);
INSERT INTO user (id, avatar, created_time, full_name, gender, state, username, organization_id) VALUES (249, 'avatar.jpg', '2023-01-05 17:16:11', '地阔星 摩云金翅欧鹏', 0, 0, '摩云金翅欧鹏', 2);
INSERT INTO user (id, avatar, created_time, full_name, gender, state, username, organization_id) VALUES (250, 'avatar.jpg', '2023-01-05 17:16:11', '地阖星 火眼狻猊邓飞', 0, 0, '火眼狻猊邓飞', 2);
INSERT INTO user (id, avatar, created_time, full_name, gender, state, username, organization_id) VALUES (251, 'avatar.jpg', '2023-01-05 17:16:11', '地强星 锦毛虎燕顺', 0, 0, '锦毛虎燕顺', 2);
INSERT INTO user (id, avatar, created_time, full_name, gender, state, username, organization_id) VALUES (252, 'avatar.jpg', '2023-01-05 17:16:11', '地暗星 锦豹子杨林', 0, 0, '锦豹子杨林', 2);
INSERT INTO user (id, avatar, created_time, full_name, gender, state, username, organization_id) VALUES (253, 'avatar.jpg', '2023-01-05 17:16:11', '地轴星 轰天雷凌振', 0, 0, '轰天雷凌振', 2);
INSERT INTO user (id, avatar, created_time, full_name, gender, state, username, organization_id) VALUES (254, 'avatar.jpg', '2023-01-05 17:16:11', '地会星 神算子蒋敬', 0, 0, '神算子蒋敬', 2);
INSERT INTO user (id, avatar, created_time, full_name, gender, state, username, organization_id) VALUES (255, 'avatar.jpg', '2023-01-05 17:16:11', '地佐星 小温侯吕方', 0, 0, '小温侯吕方', 2);
INSERT INTO user (id, avatar, created_time, full_name, gender, state, username, organization_id) VALUES (256, 'avatar.jpg', '2023-01-05 17:16:11', '地佑星 赛仁贵郭盛', 0, 0, '赛仁贵郭盛', 2);
INSERT INTO user (id, avatar, created_time, full_name, gender, state, username, organization_id) VALUES (257, 'avatar.jpg', '2023-01-05 17:16:11', '地灵星 神医安道全', 0, 0, '神医安道全', 2);
INSERT INTO user (id, avatar, created_time, full_name, gender, state, username, organization_id) VALUES (258, 'avatar.jpg', '2023-01-05 17:16:11', '地兽星 紫髯伯皇甫端', 0, 0, '紫髯伯皇甫端', 2);
INSERT INTO user (id, avatar, created_time, full_name, gender, state, username, organization_id) VALUES (259, 'avatar.jpg', '2023-01-05 17:16:11', '地微星 矮脚虎王英', 0, 0, '矮脚虎王英', 2);
INSERT INTO user (id, avatar, created_time, full_name, gender, state, username, organization_id) VALUES (260, 'avatar.jpg', '2023-01-05 17:16:11', '地慧星 一丈青扈三娘', 1, 0, '一丈青扈三娘', 2);
INSERT INTO user (id, avatar, created_time, full_name, gender, state, username, organization_id) VALUES (261, 'avatar.jpg', '2023-01-05 17:16:11', '地暴星 丧门神鲍旭', 0, 0, '丧门神鲍旭', 2);
INSERT INTO user (id, avatar, created_time, full_name, gender, state, username, organization_id) VALUES (262, 'avatar.jpg', '2023-01-05 17:16:11', '地然星 混世魔王樊瑞', 0, 0, '混世魔王樊瑞', 2);
INSERT INTO user (id, avatar, created_time, full_name, gender, state, username, organization_id) VALUES (263, 'avatar.jpg', '2023-01-05 17:16:11', '地猖星 毛头星孔明', 0, 0, '毛头星孔明', 2);
INSERT INTO user (id, avatar, created_time, full_name, gender, state, username, organization_id) VALUES (264, 'avatar.jpg', '2023-01-05 17:16:11', '地狂星 独火星孔亮', 0, 0, '独火星孔亮', 2);
INSERT INTO user (id, avatar, created_time, full_name, gender, state, username, organization_id) VALUES (265, 'avatar.jpg', '2023-01-05 17:16:11', '地飞星 八臂哪吒项充', 0, 0, '八臂哪吒项充', 2);
INSERT INTO user (id, avatar, created_time, full_name, gender, state, username, organization_id) VALUES (266, 'avatar.jpg', '2023-01-05 17:16:11', '地走星 飞天大圣李衮', 0, 0, '飞天大圣李衮', 2);
INSERT INTO user (id, avatar, created_time, full_name, gender, state, username, organization_id) VALUES (267, 'avatar.jpg', '2023-01-05 17:16:11', '地巧星 玉臂匠金大坚', 0, 0, '玉臂匠金大坚', 2);
INSERT INTO user (id, avatar, created_time, full_name, gender, state, username, organization_id) VALUES (268, 'avatar.jpg', '2023-01-05 17:16:11', '地明星 铁笛仙马麟', 0, 0, '铁笛仙马麟', 2);
INSERT INTO user (id, avatar, created_time, full_name, gender, state, username, organization_id) VALUES (269, 'avatar.jpg', '2023-01-05 17:16:11', '地进星 出洞蛟童威', 0, 0, '出洞蛟童威', 2);
INSERT INTO user (id, avatar, created_time, full_name, gender, state, username, organization_id) VALUES (270, 'avatar.jpg', '2023-01-05 17:16:11', '地退星 翻江蜃童猛', 0, 0, '翻江蜃童猛', 2);
INSERT INTO user (id, avatar, created_time, full_name, gender, state, username, organization_id) VALUES (271, 'avatar.jpg', '2023-01-05 17:16:11', '地满星 玉幡竿孟康', 0, 0, '玉幡竿孟康', 2);
INSERT INTO user (id, avatar, created_time, full_name, gender, state, username, organization_id) VALUES (272, 'avatar.jpg', '2023-01-05 17:16:11', '地遂星 通臂猿侯健', 0, 0, '通臂猿侯健', 2);
INSERT INTO user (id, avatar, created_time, full_name, gender, state, username, organization_id) VALUES (273, 'avatar.jpg', '2023-01-05 17:16:11', '地周星 跳涧虎陈达', 0, 0, '跳涧虎陈达', 2);
INSERT INTO user (id, avatar, created_time, full_name, gender, state, username, organization_id) VALUES (274, 'avatar.jpg', '2023-01-05 17:16:11', '地隐星 白花蛇杨春', 0, 0, '白花蛇杨春', 2);
INSERT INTO user (id, avatar, created_time, full_name, gender, state, username, organization_id) VALUES (275, 'avatar.jpg', '2023-01-05 17:16:11', '地异星 白面郎君郑天寿', 0, 0, '白面郎君郑天寿', 2);
INSERT INTO user (id, avatar, created_time, full_name, gender, state, username, organization_id) VALUES (276, 'avatar.jpg', '2023-01-05 17:16:11', '地理星 九尾龟陶宗旺', 0, 0, '九尾龟陶宗旺', 2);
INSERT INTO user (id, avatar, created_time, full_name, gender, state, username, organization_id) VALUES (277, 'avatar.jpg', '2023-01-05 17:16:11', '地俊星 铁扇子宋清', 0, 0, '铁扇子宋清', 2);
INSERT INTO user (id, avatar, created_time, full_name, gender, state, username, organization_id) VALUES (278, 'avatar.jpg', '2023-01-05 17:16:11', '地乐星 铁叫子乐和', 0, 0, '铁叫子乐和', 2);
INSERT INTO user (id, avatar, created_time, full_name, gender, state, username, organization_id) VALUES (279, 'avatar.jpg', '2023-01-05 17:16:11', '地捷星 花项虎龚旺', 0, 0, '花项虎龚旺', 2);
INSERT INTO user (id, avatar, created_time, full_name, gender, state, username, organization_id) VALUES (280, 'avatar.jpg', '2023-01-05 17:16:11', '地速星 中箭虎丁得孙', 0, 0, '中箭虎丁得孙', 2);
INSERT INTO user (id, avatar, created_time, full_name, gender, state, username, organization_id) VALUES (281, 'avatar.jpg', '2023-01-05 17:16:11', '地镇星 小遮拦穆春', 0, 0, '小遮拦穆春', 2);
INSERT INTO user (id, avatar, created_time, full_name, gender, state, username, organization_id) VALUES (282, 'avatar.jpg', '2023-01-05 17:16:11', '地嵇星 操刀鬼曹正', 0, 0, '操刀鬼曹正', 2);
INSERT INTO user (id, avatar, created_time, full_name, gender, state, username, organization_id) VALUES (283, 'avatar.jpg', '2023-01-05 17:16:11', '地魔星 云里金刚宋万', 0, 0, '云里金刚宋万', 2);
INSERT INTO user (id, avatar, created_time, full_name, gender, state, username, organization_id) VALUES (284, 'avatar.jpg', '2023-01-05 17:16:11', '地妖星 摸着天杜迁', 0, 0, '摸着天杜迁', 2);
INSERT INTO user (id, avatar, created_time, full_name, gender, state, username, organization_id) VALUES (285, 'avatar.jpg', '2023-01-05 17:16:11', '地幽星 病大虫薛永', 0, 0, '病大虫薛永', 2);
INSERT INTO user (id, avatar, created_time, full_name, gender, state, username, organization_id) VALUES (286, 'avatar.jpg', '2023-01-05 17:16:11', '地伏星 金眼彪施恩', 0, 0, '金眼彪施恩', 2);
INSERT INTO user (id, avatar, created_time, full_name, gender, state, username, organization_id) VALUES (287, 'avatar.jpg', '2023-01-05 17:16:11', '地僻星 打虎将李忠', 0, 0, '打虎将李忠', 2);
INSERT INTO user (id, avatar, created_time, full_name, gender, state, username, organization_id) VALUES (288, 'avatar.jpg', '2023-01-05 17:16:11', '地空星 小霸王周通', 0, 0, '小霸王周通', 2);
INSERT INTO user (id, avatar, created_time, full_name, gender, state, username, organization_id) VALUES (289, 'avatar.jpg', '2023-01-05 17:16:11', '地孤星 金钱豹子汤隆', 0, 0, '金钱豹子汤隆', 2);
INSERT INTO user (id, avatar, created_time, full_name, gender, state, username, organization_id) VALUES (290, 'avatar.jpg', '2023-01-05 17:16:11', '地全星 鬼脸儿杜兴', 0, 0, '鬼脸儿杜兴', 2);
INSERT INTO user (id, avatar, created_time, full_name, gender, state, username, organization_id) VALUES (291, 'avatar.jpg', '2023-01-05 17:16:11', '地短星 出林龙邹渊', 0, 0, '出林龙邹渊', 2);
INSERT INTO user (id, avatar, created_time, full_name, gender, state, username, organization_id) VALUES (292, 'avatar.jpg', '2023-01-05 17:16:11', '地角星 独角龙邹润', 0, 0, '独角龙邹润', 2);
INSERT INTO user (id, avatar, created_time, full_name, gender, state, username, organization_id) VALUES (293, 'avatar.jpg', '2023-01-05 17:16:11', '地囚星 旱地忽律朱贵', 0, 0, '旱地忽律朱贵', 2);
INSERT INTO user (id, avatar, created_time, full_name, gender, state, username, organization_id) VALUES (294, 'avatar.jpg', '2023-01-05 17:16:11', '地藏星 笑面虎朱富', 0, 0, '笑面虎朱富', 2);
INSERT INTO user (id, avatar, created_time, full_name, gender, state, username, organization_id) VALUES (295, 'avatar.jpg', '2023-01-05 17:16:11', '地平星 铁臂膊蔡福', 0, 0, '铁臂膊蔡福', 2);
INSERT INTO user (id, avatar, created_time, full_name, gender, state, username, organization_id) VALUES (296, 'avatar.jpg', '2023-01-05 17:16:11', '地损星 一枝花蔡庆', 0, 0, '一枝花蔡庆', 2);
INSERT INTO user (id, avatar, created_time, full_name, gender, state, username, organization_id) VALUES (297, 'avatar.jpg', '2023-01-05 17:16:11', '地奴星 催命判官李立', 0, 0, '催命判官李立', 2);
INSERT INTO user (id, avatar, created_time, full_name, gender, state, username, organization_id) VALUES (298, 'avatar.jpg', '2023-01-05 17:16:11', '地察星 青眼虎李云', 0, 0, '青眼虎李云', 2);
INSERT INTO user (id, avatar, created_time, full_name, gender, state, username, organization_id) VALUES (299, 'avatar.jpg', '2023-01-05 17:16:11', '地恶星 没面目焦挺', 0, 0, '没面目焦挺', 2);
INSERT INTO user (id, avatar, created_time, full_name, gender, state, username, organization_id) VALUES (300, 'avatar.jpg', '2023-01-05 17:16:11', '地丑星 石将军石勇', 0, 0, '石将军石勇', 2);
INSERT INTO user (id, avatar, created_time, full_name, gender, state, username, organization_id) VALUES (301, 'avatar.jpg', '2023-01-05 17:16:11', '地数星 小尉迟孙新', 0, 0, '小尉迟孙新', 2);
INSERT INTO user (id, avatar, created_time, full_name, gender, state, username, organization_id) VALUES (302, 'avatar.jpg', '2023-01-05 17:16:11', '地阴星 母大虫顾大嫂', 1, 0, '母大虫顾大嫂', 2);
INSERT INTO user (id, avatar, created_time, full_name, gender, state, username, organization_id) VALUES (303, 'avatar.jpg', '2023-01-05 17:16:11', '地刑星 菜园子张青', 0, 0, '菜园子张青', 2);
INSERT INTO user (id, avatar, created_time, full_name, gender, state, username, organization_id) VALUES (304, 'avatar.jpg', '2023-01-05 17:16:11', '地壮星 母夜叉孙二娘', 1, 0, '母夜叉孙二娘', 2);
INSERT INTO user (id, avatar, created_time, full_name, gender, state, username, organization_id) VALUES (305, 'avatar.jpg', '2023-01-05 17:16:11', '地劣星 活闪婆王定六', 0, 0, '活闪婆王定六', 2);
INSERT INTO user (id, avatar, created_time, full_name, gender, state, username, organization_id) VALUES (306, 'avatar.jpg', '2023-01-05 17:16:11', '地健星 险道神郁保四', 0, 0, '险道神郁保四', 2);
INSERT INTO user (id, avatar, created_time, full_name, gender, state, username, organization_id) VALUES (307, 'avatar.jpg', '2023-01-05 17:16:11', '地耗星 白日鼠白胜', 0, 0, '白日鼠白 胜', 2);
INSERT INTO user (id, avatar, created_time, full_name, gender, state, username, organization_id) VALUES (308, 'avatar.jpg', '2023-01-05 17:16:11', '地贼星 鼓上蚤时迁', 0, 0, '鼓上蚤时迁', 2);
INSERT INTO user (id, avatar, created_time, full_name, gender, state, username, organization_id) VALUES (309, 'avatar.jpg', '2023-01-05 17:16:11', '地狗星 金毛犬段景住', 0, 0, '金毛犬段景住', 2);

INSERT INTO user_credential (id, credential, identifier, identity_type, user_id) VALUES (1, 'a66abb5684c45962d887564f08346e8d', 'admin', 0, 1);
INSERT INTO user_credential (id, credential, identifier, identity_type, user_id) VALUES (2, '9c0967753a201ecde21ef29efa514761', 'employee', 0, 2);
INSERT INTO user_credential (id, credential, identifier, identity_type, user_id) VALUES (3, 'fe4ceeb01d43a6c29d8f4fe93313c6c1', 'guest', 0, 3);

INSERT INTO organization (id, name, parent_ids, type, parent_id) VALUES (1, '根节点', '/', 0, null);
INSERT INTO organization (id, name, parent_ids, type, parent_id) VALUES (2, '水浒传', '/1/', 0, 1);
INSERT INTO organization (id, name, parent_ids, type, parent_id) VALUES (3, '测试账号', '/1/', 0, 1);

INSERT INTO role (id, available, description, name) VALUES (1, true, '超级管理员可以对企业内的所有用户进行管理，请谨慎修改超管权限', '超级管理员');
INSERT INTO role (id, available, description, name) VALUES (2, true, '项目开发人员', '开发者');
INSERT INTO role (id, available, description, name) VALUES (3, true, '普通的用户', '普通用户');
INSERT INTO role (id, available, description, name) VALUES (4, false, '只能查看的角色', '游客');

INSERT INTO user_role (user_id, role_id) VALUES (1, 1);
INSERT INTO user_role (user_id, role_id) VALUES (2, 2);
INSERT INTO user_role (user_id, role_id) VALUES (3, 4);
INSERT INTO user_role (user_id, role_id) VALUES (202, 2);
INSERT INTO user_role (user_id, role_id) VALUES (203, 3);
INSERT INTO user_role (user_id, role_id) VALUES (204, 3);
INSERT INTO user_role (user_id, role_id) VALUES (205, 3);
INSERT INTO user_role (user_id, role_id) VALUES (206, 3);
INSERT INTO user_role (user_id, role_id) VALUES (207, 3);
INSERT INTO user_role (user_id, role_id) VALUES (208, 3);
INSERT INTO user_role (user_id, role_id) VALUES (209, 3);
INSERT INTO user_role (user_id, role_id) VALUES (210, 3);
INSERT INTO user_role (user_id, role_id) VALUES (211, 3);
INSERT INTO user_role (user_id, role_id) VALUES (212, 3);


INSERT INTO resource (id, icon, name, parent_ids, permission, type, url, parent_id) VALUES (1, null, '根节点', null, '*', null, null, null);
INSERT INTO resource (id, icon, name, parent_ids, permission, type, url, parent_id) VALUES (2, 'Odometer', '仪表盘', null, 'dashboard', 0, '/dashboard', 1);
INSERT INTO resource (id, icon, name, parent_ids, permission, type, url, parent_id) VALUES (3, 'SetUp', '系统管理', null, 'sys', 0, '/sys', 1);
INSERT INTO resource (id, icon, name, parent_ids, permission, type, url, parent_id) VALUES (4, 'User', '用户管理', null, 'user:view', 0, '/users', 3);
INSERT INTO resource (id, icon, name, parent_ids, permission, type, url, parent_id) VALUES (5, 'Tickets', '角色管理', null, 'role:view', 0, '/roles', 3);
INSERT INTO resource (id, icon, name, parent_ids, permission, type, url, parent_id) VALUES (6, 'Collection', '权限资源', null, 'resource:view', 0, '/resources', 3);
INSERT INTO resource (id, icon, name, parent_ids, permission, type, url, parent_id) VALUES (7, null, '查看用户', null, 'user:view', 1, null, 4);
INSERT INTO resource (id, icon, name, parent_ids, permission, type, url, parent_id) VALUES (8, null, '新增用户', null, 'user:create', 1, null, 4);
INSERT INTO resource (id, icon, name, parent_ids, permission, type, url, parent_id) VALUES (9, null, '修改用户', null, 'user:update', 1, null, 4);
INSERT INTO resource (id, icon, name, parent_ids, permission, type, url, parent_id) VALUES (10, null, '删除用户', null, 'user:delete', 1, null, 4);
INSERT INTO resource (id, icon, name, parent_ids, permission, type, url, parent_id) VALUES (11, null, '查看角色', null, 'role:view', 1, null, 5);
INSERT INTO resource (id, icon, name, parent_ids, permission, type, url, parent_id) VALUES (12, null, '新增角色', null, 'role:create', 1, null, 5);
INSERT INTO resource (id, icon, name, parent_ids, permission, type, url, parent_id) VALUES (13, null, '修改角色', null, 'role:update', 1, null, 5);
INSERT INTO resource (id, icon, name, parent_ids, permission, type, url, parent_id) VALUES (14, null, '删除角色', null, 'role:delete', 1, null, 5);
INSERT INTO resource (id, icon, name, parent_ids, permission, type, url, parent_id) VALUES (15, null, '查看资源', null, 'resource:view', 1, null, 6);
INSERT INTO resource (id, icon, name, parent_ids, permission, type, url, parent_id) VALUES (16, null, '新增资源', null, 'resource:create', 1, null, 6);
INSERT INTO resource (id, icon, name, parent_ids, permission, type, url, parent_id) VALUES (17, null, '修改资源', null, 'resource:update', 1, null, 6);
INSERT INTO resource (id, icon, name, parent_ids, permission, type, url, parent_id) VALUES (18, null, '删除资源', null, 'resource:delete', 1, null, 6);
INSERT INTO resource (id, icon, name, parent_ids, permission, type, url, parent_id) VALUES (19, null, '新增组织架构', null, 'organization:create', 1, null, 4);
INSERT INTO resource (id, icon, name, parent_ids, permission, type, url, parent_id) VALUES (20, null, '修改组织架构', null, 'organization:update', 1, null, 4);
INSERT INTO resource (id, icon, name, parent_ids, permission, type, url, parent_id) VALUES (21, null, '删除组织架构', null, 'organization:delete', 1, null, 4);
INSERT INTO resource (id, icon, name, parent_ids, permission, type, url, parent_id) VALUES (22, 'Timer', '操作日志', null, 'log:view', 0, '/logs', 3);
INSERT INTO resource (id, icon, name, parent_ids, permission, type, url, parent_id) VALUES (23, null, '清空日志', null, 'log:clean', 1, null, 22);
INSERT INTO resource (id, icon, name, parent_ids, permission, type, url, parent_id) VALUES (24, null, '查看日志', null, 'log:view', 1, null, 22);

INSERT INTO role_resource (role_id, resource_id) VALUES (1, 2);
INSERT INTO role_resource (role_id, resource_id) VALUES (1, 3);
INSERT INTO role_resource (role_id, resource_id) VALUES (1, 4);
INSERT INTO role_resource (role_id, resource_id) VALUES (1, 5);
INSERT INTO role_resource (role_id, resource_id) VALUES (1, 6);
INSERT INTO role_resource (role_id, resource_id) VALUES (1, 7);
INSERT INTO role_resource (role_id, resource_id) VALUES (1, 8);
INSERT INTO role_resource (role_id, resource_id) VALUES (1, 9);
INSERT INTO role_resource (role_id, resource_id) VALUES (1, 10);
INSERT INTO role_resource (role_id, resource_id) VALUES (1, 11);
INSERT INTO role_resource (role_id, resource_id) VALUES (1, 12);
INSERT INTO role_resource (role_id, resource_id) VALUES (1, 13);
INSERT INTO role_resource (role_id, resource_id) VALUES (1, 14);
INSERT INTO role_resource (role_id, resource_id) VALUES (1, 15);
INSERT INTO role_resource (role_id, resource_id) VALUES (1, 16);
INSERT INTO role_resource (role_id, resource_id) VALUES (1, 17);
INSERT INTO role_resource (role_id, resource_id) VALUES (1, 18);
INSERT INTO role_resource (role_id, resource_id) VALUES (1, 19);
INSERT INTO role_resource (role_id, resource_id) VALUES (1, 20);
INSERT INTO role_resource (role_id, resource_id) VALUES (1, 21);
INSERT INTO role_resource (role_id, resource_id) VALUES (1, 22);
INSERT INTO role_resource (role_id, resource_id) VALUES (1, 23);
INSERT INTO role_resource (role_id, resource_id) VALUES (1, 24);
INSERT INTO role_resource (role_id, resource_id) VALUES (2, 2);
INSERT INTO role_resource (role_id, resource_id) VALUES (2, 3);
INSERT INTO role_resource (role_id, resource_id) VALUES (2, 6);
INSERT INTO role_resource (role_id, resource_id) VALUES (2, 15);
INSERT INTO role_resource (role_id, resource_id) VALUES (2, 16);
INSERT INTO role_resource (role_id, resource_id) VALUES (2, 17);
INSERT INTO role_resource (role_id, resource_id) VALUES (2, 18);
INSERT INTO role_resource (role_id, resource_id) VALUES (3, 2);
INSERT INTO role_resource (role_id, resource_id) VALUES (4, 2);
INSERT INTO role_resource (role_id, resource_id) VALUES (4, 3);
INSERT INTO role_resource (role_id, resource_id) VALUES (4, 4);
INSERT INTO role_resource (role_id, resource_id) VALUES (4, 5);
INSERT INTO role_resource (role_id, resource_id) VALUES (4, 6);
INSERT INTO role_resource (role_id, resource_id) VALUES (4, 7);
INSERT INTO role_resource (role_id, resource_id) VALUES (4, 11);
INSERT INTO role_resource (role_id, resource_id) VALUES (4, 15);


-- 开启外键约束检查
set foreign_key_checks = 1;
