-- 关闭外键约束检查
set foreign_key_checks = 0;

INSERT INTO user (id, username, avatar, created_time, gender, state, organization_id) VALUES (1, 'admin', 'avatar.jpg', '2023-01-05 17:16:11.000000', 0, 0, 1);
INSERT INTO user (id, username, avatar, created_time, gender, state, organization_id) VALUES (2, 'employee', 'avatar.jpg', '2023-01-05 17:16:11.000000', 1, 0, 3);
INSERT INTO user (id, username, avatar, created_time, gender, state, organization_id) VALUES (3, 'guest', 'avatar.jpg', '2023-01-05 17:16:11.000000', 0, 0, 3);
INSERT INTO user (id, username, avatar, created_time, gender, state, organization_id) VALUES (202, '呼保义宋江 ', 'avatar.jpg', '2023-01-05 17:16:11.000000', 0, 0, 2);
INSERT INTO user (id, username, avatar, created_time, gender, state, organization_id) VALUES (203, '玉麒麟卢俊义', 'avatar.jpg', '2023-01-05 17:16:11.000000', 0, 0, 2);
INSERT INTO user (id, username, avatar, created_time, gender, state, organization_id) VALUES (204, '智多星吴用', 'avatar.jpg', '2023-01-05 17:16:11.000000', 0, 0, 2);
INSERT INTO user (id, username, avatar, created_time, gender, state, organization_id) VALUES (205, '入云龙公孙胜', 'avatar.jpg', '2023-01-05 17:16:11.000000', 0, 0, 2);
INSERT INTO user (id, username, avatar, created_time, gender, state, organization_id) VALUES (206, '大刀关胜', 'avatar.jpg', '2023-01-05 17:16:11.000000', 0, 0, 2);
INSERT INTO user (id, username, avatar, created_time, gender, state, organization_id) VALUES (207, '豹子头林冲', 'avatar.jpg', '2023-01-05 17:16:11.000000', 0, 0, 2);
INSERT INTO user (id, username, avatar, created_time, gender, state, organization_id) VALUES (208, '霹雳火秦明', 'avatar.jpg', '2023-01-05 17:16:11.000000', 0, 0, 2);
INSERT INTO user (id, username, avatar, created_time, gender, state, organization_id) VALUES (209, '双鞭呼延灼', 'avatar.jpg', '2023-01-05 17:16:11.000000', 0, 1, 2);
INSERT INTO user (id, username, avatar, created_time, gender, state, organization_id) VALUES (210, '小李广花荣', 'avatar.jpg', '2023-01-05 17:16:11.000000', 0, 1, 2);
INSERT INTO user (id, username, avatar, created_time, gender, state, organization_id) VALUES (211, '小旋风柴进', 'avatar.jpg', '2023-01-05 17:16:11.000000', 0, 1, 2);
INSERT INTO user (id, username, avatar, created_time, gender, state, organization_id) VALUES (212, '扑天雕李应', 'avatar.jpg', '2023-01-05 17:16:11.000000', 0, 1, 2);
INSERT INTO user (id, username, avatar, created_time, gender, state, organization_id) VALUES (213, '美髯公朱仝', 'avatar.jpg', '2023-01-05 17:16:11.000000', 0, 0, 2);
INSERT INTO user (id, username, avatar, created_time, gender, state, organization_id) VALUES (214, '花和尚鲁智深', 'avatar.jpg', '2023-01-05 17:16:11.000000', 0, 0, 2);
INSERT INTO user (id, username, avatar, created_time, gender, state, organization_id) VALUES (215, '行者武松', 'avatar.jpg', '2023-01-05 17:16:11.000000', 0, 0, 2);
INSERT INTO user (id, username, avatar, created_time, gender, state, organization_id) VALUES (216, '双抢将董平', 'avatar.jpg', '2023-01-05 17:16:11.000000', 0, 0, 2);
INSERT INTO user (id, username, avatar, created_time, gender, state, organization_id) VALUES (217, '没羽箭张清', 'avatar.jpg', '2023-01-05 17:16:11.000000', 0, 0, 2);
INSERT INTO user (id, username, avatar, created_time, gender, state, organization_id) VALUES (218, '青面兽杨志', 'avatar.jpg', '2023-01-05 17:16:11.000000', 0, 0, 2);
INSERT INTO user (id, username, avatar, created_time, gender, state, organization_id) VALUES (219, '金抢手徐宁', 'avatar.jpg', '2023-01-05 17:16:11.000000', 0, 0, 2);
INSERT INTO user (id, username, avatar, created_time, gender, state, organization_id) VALUES (220, '急先锋索超', 'avatar.jpg', '2023-01-05 17:16:11.000000', 0, 0, 2);
INSERT INTO user (id, username, avatar, created_time, gender, state, organization_id) VALUES (221, '神行太保戴宗', 'avatar.jpg', '2023-01-05 17:16:11.000000', 0, 0, 2);
INSERT INTO user (id, username, avatar, created_time, gender, state, organization_id) VALUES (222, '赤发鬼刘唐', 'avatar.jpg', '2023-01-05 17:16:11.000000', 0, 0, 2);
INSERT INTO user (id, username, avatar, created_time, gender, state, organization_id) VALUES (223, '黑旋风李逵', 'avatar.jpg', '2023-01-05 17:16:11.000000', 0, 0, 2);
INSERT INTO user (id, username, avatar, created_time, gender, state, organization_id) VALUES (224, '九纹龙史进', 'avatar.jpg', '2023-01-05 17:16:11.000000', 0, 0, 2);
INSERT INTO user (id, username, avatar, created_time, gender, state, organization_id) VALUES (225, '没遮拦穆弘', 'avatar.jpg', '2023-01-05 17:16:11.000000', 0, 0, 2);
INSERT INTO user (id, username, avatar, created_time, gender, state, organization_id) VALUES (226, '插翅虎雷横', 'avatar.jpg', '2023-01-05 17:16:11.000000', 0, 0, 2);
INSERT INTO user (id, username, avatar, created_time, gender, state, organization_id) VALUES (227, '混江龙李俊', 'avatar.jpg', '2023-01-05 17:16:11.000000', 0, 0, 2);
INSERT INTO user (id, username, avatar, created_time, gender, state, organization_id) VALUES (228, '立地太岁阮小二', 'avatar.jpg', '2023-01-05 17:16:11.000000', 0, 0, 2);
INSERT INTO user (id, username, avatar, created_time, gender, state, organization_id) VALUES (229, '船火儿张横', 'avatar.jpg', '2023-01-05 17:16:11.000000', 0, 0, 2);
INSERT INTO user (id, username, avatar, created_time, gender, state, organization_id) VALUES (230, '短命二郎阮小五', 'avatar.jpg', '2023-01-05 17:16:11.000000', 0, 0, 2);
INSERT INTO user (id, username, avatar, created_time, gender, state, organization_id) VALUES (231, '浪里白条张顺', 'avatar.jpg', '2023-01-05 17:16:11.000000', 0, 0, 2);
INSERT INTO user (id, username, avatar, created_time, gender, state, organization_id) VALUES (232, '活阎罗阮小七', 'avatar.jpg', '2023-01-05 17:16:11.000000', 0, 0, 2);
INSERT INTO user (id, username, avatar, created_time, gender, state, organization_id) VALUES (233, '病关索扬雄', 'avatar.jpg', '2023-01-05 17:16:11.000000', 0, 0, 2);
INSERT INTO user (id, username, avatar, created_time, gender, state, organization_id) VALUES (234, '拼命三郎石秀', 'avatar.jpg', '2023-01-05 17:16:11.000000', 0, 0, 2);
INSERT INTO user (id, username, avatar, created_time, gender, state, organization_id) VALUES (235, '两头蛇解珍', 'avatar.jpg', '2023-01-05 17:16:11.000000', 0, 0, 2);
INSERT INTO user (id, username, avatar, created_time, gender, state, organization_id) VALUES (236, '双尾蝎解宝', 'avatar.jpg', '2023-01-05 17:16:11.000000', 0, 0, 2);
INSERT INTO user (id, username, avatar, created_time, gender, state, organization_id) VALUES (237, '浪子燕青', 'avatar.jpg', '2023-01-05 17:16:11.000000', 0, 0, 2);
INSERT INTO user (id, username, avatar, created_time, gender, state, organization_id) VALUES (238, '神机军师朱武', 'avatar.jpg', '2023-01-05 17:16:11.000000', 0, 0, 2);
INSERT INTO user (id, username, avatar, created_time, gender, state, organization_id) VALUES (239, '镇三山黄信', 'avatar.jpg', '2023-01-05 17:16:11.000000', 0, 0, 2);
INSERT INTO user (id, username, avatar, created_time, gender, state, organization_id) VALUES (240, '病尉迟孙立', 'avatar.jpg', '2023-01-05 17:16:11.000000', 0, 0, 2);
INSERT INTO user (id, username, avatar, created_time, gender, state, organization_id) VALUES (241, '丑郡马宣赞', 'avatar.jpg', '2023-01-05 17:16:11.000000', 0, 0, 2);
INSERT INTO user (id, username, avatar, created_time, gender, state, organization_id) VALUES (242, '井木犴郝思文', 'avatar.jpg', '2023-01-05 17:16:11.000000', 0, 0, 2);
INSERT INTO user (id, username, avatar, created_time, gender, state, organization_id) VALUES (243, '百胜将韩滔', 'avatar.jpg', '2023-01-05 17:16:11.000000', 0, 0, 2);
INSERT INTO user (id, username, avatar, created_time, gender, state, organization_id) VALUES (244, '天目将彭玘', 'avatar.jpg', '2023-01-05 17:16:11.000000', 0, 0, 2);
INSERT INTO user (id, username, avatar, created_time, gender, state, organization_id) VALUES (245, '圣水将单廷圭', 'avatar.jpg', '2023-01-05 17:16:11.000000', 0, 0, 2);
INSERT INTO user (id, username, avatar, created_time, gender, state, organization_id) VALUES (246, '神火将魏定国', 'avatar.jpg', '2023-01-05 17:16:11.000000', 0, 0, 2);
INSERT INTO user (id, username, avatar, created_time, gender, state, organization_id) VALUES (247, '圣手书生萧让', 'avatar.jpg', '2023-01-05 17:16:11.000000', 0, 0, 2);
INSERT INTO user (id, username, avatar, created_time, gender, state, organization_id) VALUES (248, '铁面孔目裴宣', 'avatar.jpg', '2023-01-05 17:16:11.000000', 0, 0, 2);
INSERT INTO user (id, username, avatar, created_time, gender, state, organization_id) VALUES (249, '摩云金翅欧鹏', 'avatar.jpg', '2023-01-05 17:16:11.000000', 0, 0, 2);
INSERT INTO user (id, username, avatar, created_time, gender, state, organization_id) VALUES (250, '火眼狻猊邓飞', 'avatar.jpg', '2023-01-05 17:16:11.000000', 0, 0, 2);
INSERT INTO user (id, username, avatar, created_time, gender, state, organization_id) VALUES (251, '锦毛虎燕顺', 'avatar.jpg', '2023-01-05 17:16:11.000000', 0, 0, 2);
INSERT INTO user (id, username, avatar, created_time, gender, state, organization_id) VALUES (252, '锦豹子杨林', 'avatar.jpg', '2023-01-05 17:16:11.000000', 0, 0, 2);
INSERT INTO user (id, username, avatar, created_time, gender, state, organization_id) VALUES (253, '轰天雷凌振', 'avatar.jpg', '2023-01-05 17:16:11.000000', 0, 0, 2);
INSERT INTO user (id, username, avatar, created_time, gender, state, organization_id) VALUES (254, '神算子蒋敬', 'avatar.jpg', '2023-01-05 17:16:11.000000', 0, 0, 2);
INSERT INTO user (id, username, avatar, created_time, gender, state, organization_id) VALUES (255, '小温侯吕方', 'avatar.jpg', '2023-01-05 17:16:11.000000', 0, 0, 2);
INSERT INTO user (id, username, avatar, created_time, gender, state, organization_id) VALUES (256, '赛仁贵郭盛', 'avatar.jpg', '2023-01-05 17:16:11.000000', 0, 0, 2);
INSERT INTO user (id, username, avatar, created_time, gender, state, organization_id) VALUES (257, '神医安道全', 'avatar.jpg', '2023-01-05 17:16:11.000000', 0, 0, 2);
INSERT INTO user (id, username, avatar, created_time, gender, state, organization_id) VALUES (258, '紫髯伯皇甫端', 'avatar.jpg', '2023-01-05 17:16:11.000000', 0, 0, 2);
INSERT INTO user (id, username, avatar, created_time, gender, state, organization_id) VALUES (259, '矮脚虎王英', 'avatar.jpg', '2023-01-05 17:16:11.000000', 0, 0, 2);
INSERT INTO user (id, username, avatar, created_time, gender, state, organization_id) VALUES (260, '一丈青扈三娘', 'avatar.jpg', '2023-01-05 17:16:11.000000', 1, 0, 2);
INSERT INTO user (id, username, avatar, created_time, gender, state, organization_id) VALUES (261, '丧门神鲍旭', 'avatar.jpg', '2023-01-05 17:16:11.000000', 0, 0, 2);
INSERT INTO user (id, username, avatar, created_time, gender, state, organization_id) VALUES (262, '混世魔王樊瑞', 'avatar.jpg', '2023-01-05 17:16:11.000000', 0, 0, 2);
INSERT INTO user (id, username, avatar, created_time, gender, state, organization_id) VALUES (263, '毛头星孔明', 'avatar.jpg', '2023-01-05 17:16:11.000000', 0, 0, 2);
INSERT INTO user (id, username, avatar, created_time, gender, state, organization_id) VALUES (264, '独火星孔亮', 'avatar.jpg', '2023-01-05 17:16:11.000000', 0, 0, 2);
INSERT INTO user (id, username, avatar, created_time, gender, state, organization_id) VALUES (265, '八臂哪吒项充', 'avatar.jpg', '2023-01-05 17:16:11.000000', 0, 0, 2);
INSERT INTO user (id, username, avatar, created_time, gender, state, organization_id) VALUES (266, '飞天大圣李衮', 'avatar.jpg', '2023-01-05 17:16:11.000000', 0, 0, 2);
INSERT INTO user (id, username, avatar, created_time, gender, state, organization_id) VALUES (267, '玉臂匠金大坚', 'avatar.jpg', '2023-01-05 17:16:11.000000', 0, 0, 2);
INSERT INTO user (id, username, avatar, created_time, gender, state, organization_id) VALUES (268, '铁笛仙马麟', 'avatar.jpg', '2023-01-05 17:16:11.000000', 0, 0, 2);
INSERT INTO user (id, username, avatar, created_time, gender, state, organization_id) VALUES (269, '出洞蛟童威', 'avatar.jpg', '2023-01-05 17:16:11.000000', 0, 0, 2);
INSERT INTO user (id, username, avatar, created_time, gender, state, organization_id) VALUES (270, '翻江蜃童猛', 'avatar.jpg', '2023-01-05 17:16:11.000000', 0, 0, 2);
INSERT INTO user (id, username, avatar, created_time, gender, state, organization_id) VALUES (271, '玉幡竿孟康', 'avatar.jpg', '2023-01-05 17:16:11.000000', 0, 0, 2);
INSERT INTO user (id, username, avatar, created_time, gender, state, organization_id) VALUES (272, '通臂猿侯健', 'avatar.jpg', '2023-01-05 17:16:11.000000', 0, 0, 2);
INSERT INTO user (id, username, avatar, created_time, gender, state, organization_id) VALUES (273, '跳涧虎陈达', 'avatar.jpg', '2023-01-05 17:16:11.000000', 0, 0, 2);
INSERT INTO user (id, username, avatar, created_time, gender, state, organization_id) VALUES (274, '白花蛇杨春', 'avatar.jpg', '2023-01-05 17:16:11.000000', 0, 0, 2);
INSERT INTO user (id, username, avatar, created_time, gender, state, organization_id) VALUES (275, '白面郎君郑天寿', 'avatar.jpg', '2023-01-05 17:16:11.000000', 0, 0, 2);
INSERT INTO user (id, username, avatar, created_time, gender, state, organization_id) VALUES (276, '九尾龟陶宗旺', 'avatar.jpg', '2023-01-05 17:16:11.000000', 0, 0, 2);
INSERT INTO user (id, username, avatar, created_time, gender, state, organization_id) VALUES (277, '铁扇子宋清', 'avatar.jpg', '2023-01-05 17:16:11.000000', 0, 0, 2);
INSERT INTO user (id, username, avatar, created_time, gender, state, organization_id) VALUES (278, '铁叫子乐和', 'avatar.jpg', '2023-01-05 17:16:11.000000', 0, 0, 2);
INSERT INTO user (id, username, avatar, created_time, gender, state, organization_id) VALUES (279, '花项虎龚旺', 'avatar.jpg', '2023-01-05 17:16:11.000000', 0, 0, 2);
INSERT INTO user (id, username, avatar, created_time, gender, state, organization_id) VALUES (280, '中箭虎丁得孙', 'avatar.jpg', '2023-01-05 17:16:11.000000', 0, 0, 2);
INSERT INTO user (id, username, avatar, created_time, gender, state, organization_id) VALUES (281, '小遮拦穆春', 'avatar.jpg', '2023-01-05 17:16:11.000000', 0, 0, 2);
INSERT INTO user (id, username, avatar, created_time, gender, state, organization_id) VALUES (282, '操刀鬼曹正', 'avatar.jpg', '2023-01-05 17:16:11.000000', 0, 0, 2);
INSERT INTO user (id, username, avatar, created_time, gender, state, organization_id) VALUES (283, '云里金刚宋万', 'avatar.jpg', '2023-01-05 17:16:11.000000', 0, 0, 2);
INSERT INTO user (id, username, avatar, created_time, gender, state, organization_id) VALUES (284, '摸着天杜迁', 'avatar.jpg', '2023-01-05 17:16:11.000000', 0, 0, 2);
INSERT INTO user (id, username, avatar, created_time, gender, state, organization_id) VALUES (285, '病大虫薛永', 'avatar.jpg', '2023-01-05 17:16:11.000000', 0, 0, 2);
INSERT INTO user (id, username, avatar, created_time, gender, state, organization_id) VALUES (286, '金眼彪施恩', 'avatar.jpg', '2023-01-05 17:16:11.000000', 0, 0, 2);
INSERT INTO user (id, username, avatar, created_time, gender, state, organization_id) VALUES (287, '打虎将李忠', 'avatar.jpg', '2023-01-05 17:16:11.000000', 0, 0, 2);
INSERT INTO user (id, username, avatar, created_time, gender, state, organization_id) VALUES (288, '小霸王周通', 'avatar.jpg', '2023-01-05 17:16:11.000000', 0, 0, 2);
INSERT INTO user (id, username, avatar, created_time, gender, state, organization_id) VALUES (289, '金钱豹子汤隆', 'avatar.jpg', '2023-01-05 17:16:11.000000', 0, 0, 2);
INSERT INTO user (id, username, avatar, created_time, gender, state, organization_id) VALUES (290, '鬼脸儿杜兴', 'avatar.jpg', '2023-01-05 17:16:11.000000', 0, 0, 2);
INSERT INTO user (id, username, avatar, created_time, gender, state, organization_id) VALUES (291, '出林龙邹渊', 'avatar.jpg', '2023-01-05 17:16:11.000000', 0, 0, 2);
INSERT INTO user (id, username, avatar, created_time, gender, state, organization_id) VALUES (292, '独角龙邹润', 'avatar.jpg', '2023-01-05 17:16:11.000000', 0, 0, 2);
INSERT INTO user (id, username, avatar, created_time, gender, state, organization_id) VALUES (293, '旱地忽律朱贵', 'avatar.jpg', '2023-01-05 17:16:11.000000', 0, 0, 2);
INSERT INTO user (id, username, avatar, created_time, gender, state, organization_id) VALUES (294, '笑面虎朱富', 'avatar.jpg', '2023-01-05 17:16:11.000000', 0, 0, 2);
INSERT INTO user (id, username, avatar, created_time, gender, state, organization_id) VALUES (295, '铁臂膊蔡福', 'avatar.jpg', '2023-01-05 17:16:11.000000', 0, 0, 2);
INSERT INTO user (id, username, avatar, created_time, gender, state, organization_id) VALUES (296, '一枝花蔡庆', 'avatar.jpg', '2023-01-05 17:16:11.000000', 0, 0, 2);
INSERT INTO user (id, username, avatar, created_time, gender, state, organization_id) VALUES (297, '催命判官李立', 'avatar.jpg', '2023-01-05 17:16:11.000000', 0, 0, 2);
INSERT INTO user (id, username, avatar, created_time, gender, state, organization_id) VALUES (298, '青眼虎李云', 'avatar.jpg', '2023-01-05 17:16:11.000000', 0, 0, 2);
INSERT INTO user (id, username, avatar, created_time, gender, state, organization_id) VALUES (299, '没面目焦挺', 'avatar.jpg', '2023-01-05 17:16:11.000000', 0, 0, 2);
INSERT INTO user (id, username, avatar, created_time, gender, state, organization_id) VALUES (300, '石将军石勇', 'avatar.jpg', '2023-01-05 17:16:11.000000', 0, 0, 2);
INSERT INTO user (id, username, avatar, created_time, gender, state, organization_id) VALUES (301, '小尉迟孙新', 'avatar.jpg', '2023-01-05 17:16:11.000000', 0, 0, 2);
INSERT INTO user (id, username, avatar, created_time, gender, state, organization_id) VALUES (302, '母大虫顾大嫂', 'avatar.jpg', '2023-01-05 17:16:11.000000', 1, 0, 2);
INSERT INTO user (id, username, avatar, created_time, gender, state, organization_id) VALUES (303, '菜园子张青', 'avatar.jpg', '2023-01-05 17:16:11.000000', 0, 0, 2);
INSERT INTO user (id, username, avatar, created_time, gender, state, organization_id) VALUES (304, '母夜叉孙二娘', 'avatar.jpg', '2023-01-05 17:16:11.000000', 1, 0, 2);
INSERT INTO user (id, username, avatar, created_time, gender, state, organization_id) VALUES (305, '活闪婆王定六', 'avatar.jpg', '2023-01-05 17:16:11.000000', 0, 0, 2);
INSERT INTO user (id, username, avatar, created_time, gender, state, organization_id) VALUES (306, '险道神郁保四', 'avatar.jpg', '2023-01-05 17:16:11.000000', 0, 0, 2);
INSERT INTO user (id, username, avatar, created_time, gender, state, organization_id) VALUES (307, '白日鼠白 胜', 'avatar.jpg', '2023-01-05 17:16:11.000000', 0, 0, 2);
INSERT INTO user (id, username, avatar, created_time, gender, state, organization_id) VALUES (308, '鼓上蚤时迁', 'avatar.jpg', '2023-01-05 17:16:11.000000', 0, 0, 2);
INSERT INTO user (id, username, avatar, created_time, gender, state, organization_id) VALUES (309, '金毛犬段景住', 'avatar.jpg', '2023-01-05 17:16:11.000000', 0, 0, 2);

INSERT INTO user_credential (id, credential, identifier, identity_type, user_id) VALUES (1, 'a66abb5684c45962d887564f08346e8d', 'admin', 0, 1);
INSERT INTO user_credential (id, credential, identifier, identity_type, user_id) VALUES (2, '9c0967753a201ecde21ef29efa514761', 'employee', 0, 2);
INSERT INTO user_credential (id, credential, identifier, identity_type, user_id) VALUES (3, 'fe4ceeb01d43a6c29d8f4fe93313c6c1', 'guest', 0, 3);

INSERT INTO organization (id, name, parent_ids, type, parent_id) VALUES (1, '根节点', '/', 0, null);
INSERT INTO organization (id, name, parent_ids, type, parent_id) VALUES (2, '水浒传', '/1/', 0, 1);
INSERT INTO organization (id, name, parent_ids, type, parent_id) VALUES (3, '测试账号', '/1/', 0, 1);

INSERT INTO role (id, available, description, name) VALUES (1, true, '超级管理员可以对企业内的所有用户进行管理，请谨慎修改超管权限', '超级管理员');
INSERT INTO role (id, available, description, name) VALUES (2, true, '项目开发人员', '开发者');
INSERT INTO role (id, available, description, name) VALUES (3, true, '普通的用户', '普通用户');
INSERT INTO role (id, available, description, name) VALUES (4, false, '只能查看的角色', '游客');

INSERT INTO user_role (user_id, role_id) VALUES (1, 1);
INSERT INTO user_role (user_id, role_id) VALUES (2, 2);
INSERT INTO user_role (user_id, role_id) VALUES (3, 4);
INSERT INTO user_role (user_id, role_id) VALUES (202, 2);
INSERT INTO user_role (user_id, role_id) VALUES (203, 1);
INSERT INTO user_role (user_id, role_id) VALUES (203, 3);
INSERT INTO user_role (user_id, role_id) VALUES (204, 3);
INSERT INTO user_role (user_id, role_id) VALUES (205, 3);
INSERT INTO user_role (user_id, role_id) VALUES (206, 3);
INSERT INTO user_role (user_id, role_id) VALUES (207, 3);
INSERT INTO user_role (user_id, role_id) VALUES (208, 3);
INSERT INTO user_role (user_id, role_id) VALUES (209, 3);
INSERT INTO user_role (user_id, role_id) VALUES (210, 3);
INSERT INTO user_role (user_id, role_id) VALUES (211, 3);
INSERT INTO user_role (user_id, role_id) VALUES (212, 3);
INSERT INTO user_role (user_id, role_id) VALUES (302, 2);



INSERT INTO resource (id, icon, name, parent_ids, permission, type, url, parent_id) VALUES (1, null, '根节点', null, '*', null, null, null);
INSERT INTO resource (id, icon, name, parent_ids, permission, type, url, parent_id) VALUES (2, 'Odometer', '仪表盘', null, 'dashboard', 0, '/dashboard', 1);
INSERT INTO resource (id, icon, name, parent_ids, permission, type, url, parent_id) VALUES (3, 'SetUp', '系统管理', null, 'sys', 0, '/sys', 1);
INSERT INTO resource (id, icon, name, parent_ids, permission, type, url, parent_id) VALUES (4, 'User', '用户管理', null, 'user:view', 0, '/users', 3);
INSERT INTO resource (id, icon, name, parent_ids, permission, type, url, parent_id) VALUES (5, 'Tickets', '角色管理', null, 'role:view', 0, '/roles', 3);
INSERT INTO resource (id, icon, name, parent_ids, permission, type, url, parent_id) VALUES (6, 'Collection', '权限资源', null, 'resource:view', 0, '/resources', 3);
INSERT INTO resource (id, icon, name, parent_ids, permission, type, url, parent_id) VALUES (7, null, '查看用户', null, 'user:view', 1, null, 4);
INSERT INTO resource (id, icon, name, parent_ids, permission, type, url, parent_id) VALUES (8, null, '新增用户', null, 'user:create', 1, null, 4);
INSERT INTO resource (id, icon, name, parent_ids, permission, type, url, parent_id) VALUES (9, null, '修改用户', null, 'user:update', 1, null, 4);
INSERT INTO resource (id, icon, name, parent_ids, permission, type, url, parent_id) VALUES (10, null, '删除用户', null, 'user:delete', 1, null, 4);
INSERT INTO resource (id, icon, name, parent_ids, permission, type, url, parent_id) VALUES (11, null, '查看角色', null, 'role:view', 1, null, 5);
INSERT INTO resource (id, icon, name, parent_ids, permission, type, url, parent_id) VALUES (12, null, '新增角色', null, 'role:create', 1, null, 5);
INSERT INTO resource (id, icon, name, parent_ids, permission, type, url, parent_id) VALUES (13, null, '修改角色', null, 'role:update', 1, null, 5);
INSERT INTO resource (id, icon, name, parent_ids, permission, type, url, parent_id) VALUES (14, null, '删除角色', null, 'role:delete', 1, null, 5);
INSERT INTO resource (id, icon, name, parent_ids, permission, type, url, parent_id) VALUES (15, null, '查看资源', null, 'resource:view', 1, null, 6);
INSERT INTO resource (id, icon, name, parent_ids, permission, type, url, parent_id) VALUES (16, null, '新增资源', null, 'resource:create', 1, null, 6);
INSERT INTO resource (id, icon, name, parent_ids, permission, type, url, parent_id) VALUES (17, null, '修改资源', null, 'resource:update', 1, null, 6);
INSERT INTO resource (id, icon, name, parent_ids, permission, type, url, parent_id) VALUES (18, null, '删除资源', null, 'resource:delete', 1, null, 6);
INSERT INTO resource (id, icon, name, parent_ids, permission, type, url, parent_id) VALUES (19, null, '新增组织架构', null, 'organization:create', 1, null, 4);
INSERT INTO resource (id, icon, name, parent_ids, permission, type, url, parent_id) VALUES (20, null, '修改组织架构', null, 'organization:update', 1, null, 4);
INSERT INTO resource (id, icon, name, parent_ids, permission, type, url, parent_id) VALUES (21, null, '删除组织架构', null, 'organization:delete', 1, null, 4);
INSERT INTO resource (id, icon, name, parent_ids, permission, type, url, parent_id) VALUES (22, 'Timer', '操作日志', null, 'log:view', 0, '/logs', 3);
INSERT INTO resource (id, icon, name, parent_ids, permission, type, url, parent_id) VALUES (23, null, '清空日志', null, 'log:clean', 1, null, 22);
INSERT INTO resource (id, icon, name, parent_ids, permission, type, url, parent_id) VALUES (24, null, '查看日志', null, 'log:view', 1, null, 22);
INSERT INTO resource (id, icon, name, parent_ids, permission, type, url, parent_id) VALUES (25, 'Files', '对象存储', null, 'storage:view', 0, '/storage', 3);
INSERT INTO resource (id, icon, name, parent_ids, permission, type, url, parent_id) VALUES (26, null, '查看对象存储', null, 'storage:view', 1, null, 25);
INSERT INTO resource (id, icon, name, parent_ids, permission, type, url, parent_id) VALUES (27, null, '新增对象存储', null, 'storage:create', 1, null, 25);
INSERT INTO resource (id, icon, name, parent_ids, permission, type, url, parent_id) VALUES (28, null, '更新对象存储', null, 'storage:update', 1, null, 25);
INSERT INTO resource (id, icon, name, parent_ids, permission, type, url, parent_id) VALUES (29, null, '删除对象存储', null, 'storage:delete', 1, null, 25);
INSERT INTO resource (id, icon, name, parent_ids, permission, type, url, parent_id) VALUES (30, null, '设置默认存储', null, 'storage:markAsDefault', 1, null, 25);


INSERT INTO role_resource (role_id, resource_id) VALUES (1, 2);
INSERT INTO role_resource (role_id, resource_id) VALUES (1, 3);
INSERT INTO role_resource (role_id, resource_id) VALUES (1, 4);
INSERT INTO role_resource (role_id, resource_id) VALUES (1, 5);
INSERT INTO role_resource (role_id, resource_id) VALUES (1, 6);
INSERT INTO role_resource (role_id, resource_id) VALUES (1, 7);
INSERT INTO role_resource (role_id, resource_id) VALUES (1, 8);
INSERT INTO role_resource (role_id, resource_id) VALUES (1, 9);
INSERT INTO role_resource (role_id, resource_id) VALUES (1, 10);
INSERT INTO role_resource (role_id, resource_id) VALUES (1, 11);
INSERT INTO role_resource (role_id, resource_id) VALUES (1, 12);
INSERT INTO role_resource (role_id, resource_id) VALUES (1, 13);
INSERT INTO role_resource (role_id, resource_id) VALUES (1, 14);
INSERT INTO role_resource (role_id, resource_id) VALUES (1, 15);
INSERT INTO role_resource (role_id, resource_id) VALUES (1, 16);
INSERT INTO role_resource (role_id, resource_id) VALUES (1, 17);
INSERT INTO role_resource (role_id, resource_id) VALUES (1, 18);
INSERT INTO role_resource (role_id, resource_id) VALUES (1, 19);
INSERT INTO role_resource (role_id, resource_id) VALUES (1, 20);
INSERT INTO role_resource (role_id, resource_id) VALUES (1, 21);
INSERT INTO role_resource (role_id, resource_id) VALUES (1, 22);
INSERT INTO role_resource (role_id, resource_id) VALUES (1, 23);
INSERT INTO role_resource (role_id, resource_id) VALUES (1, 24);
INSERT INTO role_resource (role_id, resource_id) VALUES (1, 25);
INSERT INTO role_resource (role_id, resource_id) VALUES (1, 26);
INSERT INTO role_resource (role_id, resource_id) VALUES (1, 27);
INSERT INTO role_resource (role_id, resource_id) VALUES (1, 28);
INSERT INTO role_resource (role_id, resource_id) VALUES (1, 29);
INSERT INTO role_resource (role_id, resource_id) VALUES (1, 30);
INSERT INTO role_resource (role_id, resource_id) VALUES (2, 2);
INSERT INTO role_resource (role_id, resource_id) VALUES (2, 3);
INSERT INTO role_resource (role_id, resource_id) VALUES (2, 6);
INSERT INTO role_resource (role_id, resource_id) VALUES (2, 15);
INSERT INTO role_resource (role_id, resource_id) VALUES (2, 16);
INSERT INTO role_resource (role_id, resource_id) VALUES (2, 17);
INSERT INTO role_resource (role_id, resource_id) VALUES (2, 18);
INSERT INTO role_resource (role_id, resource_id) VALUES (2, 22);
INSERT INTO role_resource (role_id, resource_id) VALUES (2, 23);
INSERT INTO role_resource (role_id, resource_id) VALUES (2, 24);
INSERT INTO role_resource (role_id, resource_id) VALUES (2, 25);
INSERT INTO role_resource (role_id, resource_id) VALUES (2, 26);
INSERT INTO role_resource (role_id, resource_id) VALUES (2, 27);
INSERT INTO role_resource (role_id, resource_id) VALUES (2, 28);
INSERT INTO role_resource (role_id, resource_id) VALUES (2, 29);
INSERT INTO role_resource (role_id, resource_id) VALUES (2, 30);
INSERT INTO role_resource (role_id, resource_id) VALUES (3, 2);
INSERT INTO role_resource (role_id, resource_id) VALUES (4, 2);
INSERT INTO role_resource (role_id, resource_id) VALUES (4, 3);
INSERT INTO role_resource (role_id, resource_id) VALUES (4, 4);
INSERT INTO role_resource (role_id, resource_id) VALUES (4, 5);
INSERT INTO role_resource (role_id, resource_id) VALUES (4, 6);
INSERT INTO role_resource (role_id, resource_id) VALUES (4, 7);
INSERT INTO role_resource (role_id, resource_id) VALUES (4, 11);
INSERT INTO role_resource (role_id, resource_id) VALUES (4, 15);

INSERT INTO storage_config (type, id, is_default, name, address, storage_path, access_key, bucket_name, endpoint, secret_key, create_time, create_user, storage_id) VALUES (0, 1, true, '本地', 'storage/fetch/', 'files', null, null, null, null, '2023-07-10 17:00:48.000000', 'admin', 'SsIPzgpd9rFgxJhe3yUxk');

-- 开启外键约束检查
set foreign_key_checks = 1;
